,Flowering time at Arkansas,Flag leaf length,Flag leaf width,Awn presence,Panicle number per plant,Plant height,Panicle length,Primary panicle branch number,Seed number per panicle,Florets per panicle,Panicle fertility,Seed length,Seed width,Seed length width ratio,Blast resistance,Amylose content,Alkali spreading value,Protein content,
0%,65.79213311,44.60550615,74.6994596,42.08908512,81.70687634,74.91610063,61.7507567,61.25405431,55.03286886,61.70684034,50.3941182,70.20994196,80.13412783,77.77697495,65.97572779,77.36549277,55.58408783,48.85491191,
57%,64.72662375,42.77566204,74.01770859,41.13735444,81.45691626,72.90004737,61.46924389,60.03389616,53.64554485,60.6460804,50.3484525,68.97470412,78.99637165,75.58400198,65.25731116,76.75997964,53.38835622,48.59562744,
93%,62.61620992,41.1547641,72.78879858,41.54655973,81.10031735,71.25484185,60.71421854,58.62885141,51.4243105,58.19598373,50.01771255,66.44154088,77.26536259,73.2987856,64.41296646,74.22264147,52.00296972,47.54914696,
98%,60.67917259,39.97630252,71.67275062,40.62701068,80.80513071,70.21397404,59.8044533,57.71349143,49.43060702,57.16044634,49.90209788,64.96667682,75.76940334,71.62226686,64.62187433,72.0364142,51.7509776,47.10006431,
,1.065509359,1.829844113,0.681751011,0.951730685,0.249960079,2.016053265,0.281512812,1.220158145,1.387324012,1.060759946,0.045665703,1.235237837,1.137756172,2.192972972,0.718416629,0.605513137,2.195731603,0.259284475,1.063065664
,3.175923191,3.450742046,1.910661021,0.542525392,0.606558986,3.661258787,1.036538162,2.625202898,3.608558357,3.510856611,0.376405646,3.76840108,2.868765241,4.478189346,1.562761329,3.142851306,3.581118111,1.305764951,2.511837915
,5.112960524,4.629203633,3.026708978,1.46207444,0.901745629,4.702126593,1.946303396,3.540562883,5.602261837,4.546394002,0.492020324,5.243265137,4.364724482,6.15470809,1.353853459,5.329078575,3.833110228,1.754847604,3.555330545
