,Flowering.time.at.Arkansas,Flag.leaf.length,Flag.leaf.width,Awn.presence,Panicle.number.per.plant,Plant.height,Panicle.length,Primary.panicle.branch.number,Seed.number.per.panicle,Florets.per.panicle,Panicle.fertility,Seed.length,Seed.width,Seed.length.width.ratio,Blast.resistance,Amylose.content,Alkali.spreading.value,Protein.content
CV1,0.629727574804566,0.420830006191447,0.730234095449932,0.425699399426085,0.806160498550901,0.710100867852085,0.599804183954861,0.591303341938198,0.532296923114066,0.58968197168922,0.501692178909645,0.670103536158427,0.774430230535889,0.730939837347678,0.648699244927171,0.740680908078254,0.52726492842918,0.464117340534917
CV2,0.616367733812122,0.413115249701945,0.735602336826698,0.400238050442173,0.811020710643867,0.717010104215343,0.594867334665554,0.580171300060501,0.516684595197341,0.577204431788672,0.505976999091689,0.6625609440888,0.777427214406393,0.735437421904369,0.64385383569514,0.736954042447929,0.513040622445475,0.476037628291676
CV3,0.633093361515096,0.416195977026781,0.728299686957336,0.403616184092546,0.80844260253042,0.716544020324235,0.619991407114741,0.59001859842789,0.530468576344732,0.58316067273875,0.51775402143376,0.660502196009089,0.769346411955655,0.730249836387763,0.645925964943248,0.745192389501312,0.525045046705223,0.476119697855211
CV4,0.625066120466344,0.412006333287016,0.72399333130559,0.424186610049735,0.812901483122361,0.711031079851098,0.607348721550532,0.582265618049022,0.48796757925674,0.575575115257318,0.468607289144757,0.650705574806027,0.771876723697529,0.731128117312416,0.641034460192327,0.745024537505192,0.522921342789827,0.480637883533425
CV5,0.62655570552605,0.39559063903275,0.721310478400443,0.423587742471067,0.816490572748816,0.708056020120138,0.613699279631975,0.587683712057871,0.503797851236264,0.584176995054202,0.506855139085907,0.678204792962703,0.770187548669074,0.737184067112494,0.641134817250227,0.743280195739456,0.511876545386555,0.480544797804969
