,pred.acc,pred.acc.1,pred.acc.2,pred.acc.3,pred.acc.4,pred.acc.5,pred.acc.6,pred.acc.7,pred.acc.8,pred.acc.9,pred.acc.10,pred.acc.11,pred.acc.12,pred.acc.13,pred.acc.14,pred.acc.15,pred.acc.16,pred.acc.17
y.obs,1,1,1,1,1,1,1,1,1,1,1,1,1,1,1,1,1,1
CV1,0.656441445337738,0.451784012855498,0.749104008020575,0.410187691753693,0.813090530491796,0.749528379811048,0.616081084778769,0.623518779443206,0.566198307669533,0.619560843054611,0.519814597086552,0.703842862611032,0.802781459663483,0.775288263541643,0.668543127597908,0.775050251370501,0.556438377509941,0.487816039688384
CV2,0.650738227384554,0.445744780501809,0.750342113620763,0.402737858563636,0.816468916673327,0.749188486470222,0.606322791693609,0.605001696168466,0.546866290029419,0.602934509546386,0.511405320818098,0.700170138784307,0.805432318301309,0.778721575385025,0.658258786095223,0.766897260872392,0.549579979543583,0.491169370857227
CV3,0.673025640092071,0.453486358969973,0.749248214874571,0.412830899171726,0.816207204274774,0.748917422430207,0.624690418554116,0.613589486449192,0.564093379503508,0.628343175971418,0.506145559259939,0.702605721701112,0.796501809585737,0.777514932472118,0.665069087769437,0.773695152777691,0.557506500501305,0.482999901153053
CV4,0.656870705529928,0.446220506784238,0.74155506169605,0.42944777043933,0.819526342689684,0.752959666804183,0.617682988013922,0.612798337745223,0.52678641516504,0.618854893805077,0.464130461154104,0.690427158876307,0.80079087084161,0.775060911388869,0.652094691060067,0.776504405729049,0.556676435050209,0.48024131787726
CV5,0.652530637346906,0.433039648445071,0.74472358179501,0.449250036138967,0.820050822787813,0.745211076193774,0.622760551989789,0.60779441563013,0.547699050636945,0.615648594692098,0.518209971663156,0.713451216054057,0.801199932919338,0.782263064575691,0.654820696932727,0.776127567844049,0.559003098677914,0.500518965991638
