,pred.acc,pred.acc.1,pred.acc.2,pred.acc.3,pred.acc.4,pred.acc.5,pred.acc.6,pred.acc.7,pred.acc.8,pred.acc.9,pred.acc.10,pred.acc.11,pred.acc.12,pred.acc.13,pred.acc.14,pred.acc.15,pred.acc.16,pred.acc.17
y.obs,1,1,1,1,1,1,1,1,1,1,1,1,1,1,1,1,1,1
CV1,0.611814405932278,0.398832471333686,0.71608591111155,0.391065055762705,0.807028305581843,0.695168795269723,0.591260317659058,0.582673486060305,0.500854156522975,0.571766668616283,0.51504288814024,0.652719380670881,0.761560004735645,0.717288388069295,0.65686175138906,0.722452858966937,0.518201211545224,0.459217443991774
CV2,0.59235804542191,0.409059915214964,0.718979775546846,0.386876966290039,0.806602977095917,0.700065849141416,0.595508703640511,0.576860521969663,0.494499151166662,0.565849941616693,0.500355146726918,0.646326982658801,0.760809417184718,0.719812730025566,0.645997213901591,0.716784480602757,0.511787144450238,0.47298593568665
CV3,0.624419844427821,0.411889801333809,0.715010102380848,0.393441491850121,0.805184277441941,0.703376525478272,0.60876838477113,0.581701884975423,0.503515153128549,0.578857812511519,0.512713160542518,0.652447991518087,0.756216997639217,0.719695456898608,0.650686158778795,0.722509748291417,0.525553435111304,0.476172558197662
CV4,0.599135087000454,0.387613031823559,0.717490355940384,0.405240884659615,0.808603010443199,0.702354782707161,0.595364306493975,0.576407496491934,0.470129720035685,0.57442967933927,0.472628329487639,0.635191782611869,0.755912616467405,0.711315354936021,0.639568875921605,0.723261047266391,0.515445908257549,0.461970207900042
CV5,0.606231246724667,0.391419906193891,0.716071386111848,0.454726135503015,0.81283796492731,0.709732749462192,0.599320952658589,0.568031181792926,0.502532170283804,0.567118214881596,0.494365368873296,0.661647703708023,0.753971131173893,0.713001412910255,0.63797971652831,0.716812574736462,0.516561180500844,0.484657069567405
