,Flowering.time.at.Arkansas,Flag.leaf.length,Flag.leaf.width,Awn.presence,Panicle.number.per.plant,Plant.height,Panicle.length,Primary.panicle.branch.number,Seed.number.per.panicle,Florets.per.panicle,Panicle.fertility,Seed.length,Seed.width,Seed.length.width.ratio,Blast.resistance,Amylose.content,Alkali.spreading.value,Protein.content
CV1,0.648004836697066,0.44745671759866,0.742113075737601,0.410063477744215,0.811846217592246,0.727871295468657,0.601216364015057,0.6051710543186,0.544788394334468,0.618134964558495,0.511701701021244,0.689740955239985,0.791227532153273,0.753344532400276,0.655026995347421,0.764137747766968,0.537147616369649,0.479701393113282
CV2,0.63846338563444,0.425518472661136,0.744648366730623,0.398934460263837,0.814019323773378,0.731004714124433,0.610894710525472,0.592921668348744,0.53607307736824,0.598330634058567,0.504169310617124,0.68934524170647,0.790689857019326,0.756076548651849,0.655991051065565,0.765391666440907,0.524430369280282,0.49182053952262
CV3,0.663393479148737,0.427821638056113,0.738220199259806,0.405392374626846,0.811162824836226,0.733479015647135,0.62771488028469,0.611862036058599,0.546288896436911,0.612970520605878,0.510316373327812,0.689065787890829,0.787243426210817,0.758678964406655,0.656247400748394,0.769246765145369,0.535810860653967,0.476610098906005
CV4,0.644752960329242,0.422641443585241,0.737023466262662,0.406873086334531,0.820518360816728,0.731117540438627,0.617414255783052,0.599685571668287,0.520529413781163,0.600505791164708,0.478304189943131,0.677731278860483,0.791536399495497,0.753238705826718,0.646278601385473,0.770690027313542,0.53819996415363,0.474870469678083
CV5,0.641716525908043,0.415344829995338,0.738880321478522,0.43560432282303,0.815299085942659,0.721529802788261,0.616221983831615,0.592054477807834,0.5345974604705,0.602362109405395,0.512931049930552,0.702851942497051,0.789121367839932,0.757861347482084,0.649321509458,0.76853277510124,0.533829000671848,0.506778870580512
